keys,en,ru
Text/16/text,What did you say? I didn't hear you,Что ты сказал? Не расслышал
Text/17/text,"However, let's not waste time","Впрочем, не будем терять времени"
Text/18/text,Do you wanna job?,Работу хочешь?
Choice/19/text,Yes,Хочу
Choice/19/disabled_text,,
Text/1a/text,Good mood!,Превосходно!
Choice/1b/text,No,Нет
Choice/1b/disabled_text,,
Text/1c/text,Then why'd you come here?,И зачем ты тогда пришёл сюда?
Text/1d/text,"Eh, anyway... you’re here now.","Ладно, продолжим, раз ты здесь."
Text/1e/text,"You can call me [b][color=#e77d18]Mr. Jock[/color][/b], and I’ll be your first step in this job interview","Зови меня [b][color=#e77d18]Шутнярой[/color][/b], я твой первый интервьюер"
Text/1f/text,"Introduce yourself, please.","Представься, пожалуйста"
Text/20/text,"Haha, namesake!","Хех, тёска!"
Text/21/text,"Very nice to meet you, [color=#2effff][b]{Players_name}[/b][/color]","Приятно познакомиться, [color=#2effff][b]{Players_name}[/b][/color]"
Text/22/text,"Tell me, is this your first interview?","Скажи, это твоё первое собеседование?"
Choice/23/text,Yes,Да
Choice/23/disabled_text,,
Text/24/text,Okey,Ладно
Choice/25/text,No,Нет
Choice/25/disabled_text,,
Text/26/text,"So, you have interview experience. Very good!","О, значит, опыт у тебя есть. Хорошо!"
Text/27/text,But it doesn’t matter because this is your first interview in [i]our company[/i].,"Но значения это не имеет, это твоё первое собеседование в [i]нашей компании[/i]."
Text/28/text,"In our company, we have... how should I put it... certain [i]expectations[/i].",У нас будут... Как бы выразиться... [i]Специфичные[/i] ожидания.
Text/29/text,You’ll learn soon enough.,Скоро сам поймёшь.
Text/2a/text,"To ease your mind, let me share a few things we value in our interviews.",Для ясности давай я тебе расскажу что у нас ценится
Text/2b/text,"First of all, answering [b][color=#6BBF59]confidently[/color][/b] is a big plus. We appreciate people who sound like they know their stuff.","Прежде всего: [b][color=#6BBF59]уверенные ответы[/color][/b] будут огромным плюсом. Мы ищем людей, которые создают впечатление профессионалов."
Text/2c/text,Then there are times when I might throw a tricky question your way. I’d like to see if you can pick up on that and perhaps [b][color=#8e59f5]sidestep it gracefully[/color][/b].,"Но будь внимателен, иногда я буду тебя пытаться подловить. Если заметишь - можешь спокойно [b][color=#8e59f5]уклониться[/color][/b] от ответа, я зачту это."
Text/2d/text,"Oh, and remember, we’re all human here. Sometimes a bit of [b][color=#f7d038]humor[/color][/b] lightens the mood—if the topic allows it, of course.","И не забывай, что все мы люди, как-никак. Немножко [b][color=#f7d038]юмора[/color][/b] не повредит, если он в тему."
Text/2e/text,"And please... [b][color=gray]don’t stay silent[/color][/b]. A quiet candidate makes us nervous. Silence is unsettling, you know.","И пожалуйста... только [b][color=gray]не молчи[/color][/b]. Мы не сможем тебя оценить, если ты будешь молчать."
Text/2f/text,"Don’t be [color=#baee18][b]nervous[/b][/color], though. Nervousness has ruined many candidates.","[color=#baee18][b]Не нервничай[/b][/color] только. Это нормально, но сгубило многих кандидатов."
Text/30/text,It’s just going to be [b][color=#2effff]10 questions[/color][/b].,У нас будет всего [b][color=#2effff]10 вопросов[/color][/b].
Text/31/text,But remember: [b][color=gray]silence isn’t an answer[/color][/b],Повторюсь: [b][color=gray]молчание - это не ответ[/color][/b].
Text/32/text,[b][color=#2effff]Do you understand me?[/color][/b],[b][color=#2effff]Ты меня понял?[/color][/b]
Choice/33/text,"[color=#6BBF59]Yes, perfectly[/color]","[color=#6BBF59]Да, конечно![/color]"
Choice/33/disabled_text,,
Text/34/text,"[color=#6BBF59]Yes, perfectly[/color]","[color=#6BBF59]Да, конечно![/color]"
Text/35/text,"Good, good! I like someone who knows what they’re doing.","Хорошо. Люблю людей, которые знают что делают!"
Choice/36/text,[color=#8e59f5]I think…[/color],[color=#8e59f5]Возможно…[/color]
Choice/36/disabled_text,,
Text/37/text,[color=#8e59f5]I think… but maybe one more time?[/color],[color=#8e59f5]Возможно… Лучше повторить?[/color]
Text/38/text,"Ah, a cautious one! Smart move. But don’t be afraid to speak up when you know the answer — we value clarity.",Осторожный? Это умно. Но не бойся говорить если знаешь ответ - мы ценим прямоту.
Choice/39/text,[color=#f7d038]Got about half of it[/color],[color=#f7d038]Примерно половину[/color]
Choice/39/disabled_text,,
Text/3a/text,[color=#f7d038]Got about half of it[/color],[color=#f7d038]Примерно половину[/color]
Text/3b/text,"Hahaha, I like that! Good sense of humor. Just don’t make a habit of joking instead of giving good answers, eh?","Хахах, шутку понял! Хорошая. Только не заводите привычку шутить вместо ответов, ладно?"
Choice/3c/text,[color=gray] . . . [/color],[color=gray] . . . [/color]
Choice/3c/disabled_text,,
Text/3d/text,"Ohhh, cat got your tongue? Or maybe you think silence is a valid answer...","Всё ещё думаешь? Или, думаешь, молчание - это правильный ответ?"
Text/3e/text,"Well, not here, kiddo. No one gets a job by sitting quietly.","[color=#2effff]{Players_name}[/color], я уже говорил - не молчи"
Text/3f/text,"Alright, let’s not drag this out for too long. Let’s get to the point.","Ладно, не будем задерживаться на этом. Начнём собеседование."
Label/40/display_name,,
Text/41/text,"Ah, working with you will be... [i]interesting[/i]. Just don’t [i]mess it up[/i]. Now, let’s get to it...","Ах, работать с вами будет... [i]интересно[/i]. Только не [i]испортите всё[/i]. Ладно, давайте начнём..."
Text/42/text,[color=#2effff][b]What experience of yours would you say was the most... [i]challenging[/i]?[/b][/color],[color=#2effff][b]Какой ваш самый... [i]сложный[/i] опыт?[/b][/color]
Choice/43/text,[color=#6BBF59]Managing a high-pressure project[/color],[color=#6BBF59]Управление проектом в условиях высокого давления[/color]
Choice/43/disabled_text,,
Text/44/text,[color=#6BBF59]Managing a high-pressure project with a tight deadline. This taught me a lot about persistence and teamwork[/color],[color=#6BBF59]Управление проектом с жёсткими сроками. Это многому научило меня — настойчивости и работе в команде[/color]
Text/45/text,"Ah, you sound like you’ve been through the wringer. Good. You’ll need that toughness here.","Ах, похоже, вы прошли через испытания. Хорошо. Здесь вам потребуется эта выдержка.
[color=#8e59f5]Каждый опыт имеет свои трудности[/color]"
Choice/46/text,[color=#8e59f5]Every experience has its own challenges[/color],[color=#8e59f5]Каждый опыт имеет свои трудности[/color]
Choice/46/disabled_text,,
Text/47/text,[color=#8e59f5]Every experience has its own challenges. But I try not to dwell on them too much[/color],[color=#8e59f5]Каждый опыт имеет свои трудности. Но я стараюсь не зацикливаться на них[/color]
Text/48/text,Hmm... diplomatic. I’ll keep an eye on you.,Хм... дипломатично. Я буду за вами присматривать.
Choice/49/text,[color=#f7d038]Waking up on time[/color],[color=#f7d038]Просыпаться вовремя[/color]
Choice/49/disabled_text,,
Text/4a/text,"[color=#f7d038]Waking up on time every Monday morning, honestly[/color]","[color=#f7d038]Просыпаться вовремя каждое утро понедельника, если честно[/color]"
Text/4b/text,Ha-ha!,Ха-ха!
Text/4c/text,Let’s hope you can wake up for this job too.,"Надеюсь, вы будете просыпаться вовремя и для этой работы."
Choice/4d/text,[color=gray] . . . [/color],[color=gray] . . . [/color]
Choice/4d/disabled_text,,
Text/4e/text,Cat got your tongue? Or maybe... the question hit a little too close to home?,"Кошка язычок откусила? Или, может, вопрос задел за живое?"
Text/4f/text,"Challenges really shape how we work, don’t they?","Испытания действительно формируют то, как мы работаем, не так ли?"
Text/50/text,It’s interesting to hear what people consider their biggest one,"Интересно узнать, что люди считают своим самым большим вызовом."
Text/51/text,Sometimes the challenge itself teaches more than the solution does,"Иногда само испытание учит большему, чем его решение."
Label/52/display_name,,
Text/53/text,"Our work here requires a strict [i]discipline[/i].
Sometimes, it’s all about [i]staying calm under pressure[/i].",Наша работа требует строгой [i]дисциплины[/i].
Text/54/text,[color=#2effff][b]So... are you easily tempted?[/b][/color],[color=#2effff][b]Итак... вы легко поддаётесь искушению?[/b][/color]
Choice/55/text,[color=#6BBF59]I thrive under pressure[/color],[color=#6BBF59]Я расцветаю под давлением[/color]
Choice/55/disabled_text,,
Text/56/text,[color=#6BBF59]I thrive under pressure and see it as an opportunity to grow[/color],[color=#6BBF59]Я расцветаю под давлением и вижу в этом возможность для роста[/color]
Text/57/text,Honestly... that’s strange.,Честно говоря... это странно.
Choice/58/text,[color=#8e59f5]Every experience has its own challenges[/color],[color=#8e59f5]Каждый опыт имеет свои трудности[/color]
Choice/58/disabled_text,,
Text/59/text,[color=#8e59f5]Every experience has its own challenges[/color],[color=#8e59f5]Каждый опыт имеет свои трудности[/color]
Text/5a/text,Fair enough...,Справедливо...
Choice/5b/text,[color=#f7d038]Pressure makes diamonds[/color],[color=#f7d038]Давление делает из угля бриллианты[/color]
Choice/5b/disabled_text,,
Text/5c/text,"[color=#f7d038]Pressure makes diamonds, doesn’t it? Let’s hope I shine bright[/color]","[color=#f7d038]Давление делает из угля бриллианты, не так ли? Надеюсь, я засияю ярко[/color]"
Text/5d/text,"Haha, diamonds! Let’s hope you’re not cubic zirconia!","Ха-ха, бриллианты! Надеюсь, вы не фальшивка!"
Choice/5e/text,[color=gray] . . . [/color],[color=gray] . . . [/color]
Choice/5e/disabled_text,,
Text/5f/text,Nothing? Maybe you’re already crumbling under my questions...,"Ничего? Может, вы уже сдаетесь под напором моих вопросов..."
Text/60/text,"A little temptation can test self-control, don’t you think?","Немного искушения может проверить силу воли, как вы думаете?"
Text/61/text,"True, but it’s how we respond that matters most","Правда, но важно, как мы реагируем."
Label/62/display_name,,
Text/63/text,Every good decision starts with a [i]clear view[/i],Каждое хорошее решение начинается с [i]ясного взгляда[/i].
Text/64/text,[color=#2effff][b]What’s more important: speed or precision?[/b][/color],[color=#2effff][b]Что важнее: скорость или точность?[/b][/color]
Choice/65/text,[color=#6BBF59]Precision is key[/color],[color=#6BBF59]Точность важнее всего[/color]
Choice/65/disabled_text,,
Text/66/text,[color=#6BBF59]Precision. Accuracy ensures success.[/color],[color=#6BBF59]Точность. Аккуратность обеспечивает успех.[/color]
Text/67/text,"Good, good. Hitting the mark is better than rushing past it.","Хорошо, хорошо. Попасть в цель лучше, чем проскочить мимо."
Choice/68/text,[color=#8e59f5]Depends on the situation[/color],[color=#8e59f5]Зависит от ситуации[/color]
Choice/68/disabled_text,,
Text/69/text,[color=#8e59f5]It depends on the situation[/color],[color=#8e59f5]Это зависит от ситуации[/color]
Text/6a/text,"Fair, but indecision in the wrong moment can cost you","Справедливо, но нерешительность в неподходящий момент может дорого стоить."
Choice/6b/text,[color=#f7d038]Both[/color],[color=#f7d038]Оба[/color]
Choice/6b/disabled_text,,
Text/6c/text,"[color=#f7d038]Why not both? Life’s short, aim fast![/color]","[color=#f7d038]Почему бы не оба? Жизнь коротка, целься быстро![/color]"
Text/6d/text,"Hah, ambitious. But haste makes waste, you know","Ха, амбициозно. Но поспешность ведёт к растратам, знаете ли."
Choice/6e/text,[color=gray] . . . [/color],[color=gray] . . . [/color]
Choice/6e/disabled_text,,
Text/6f/text,"Ah, nothing to say? Let’s hope you’re not too hesitant under pressure","Ах, нечего сказать? Надеюсь, вы не будете слишком медлить под давлением."
Text/70/text,There’s always a balance between doing things quickly and doing them right.,Всегда нужно находить баланс между скоростью выполнения и качеством работы.
Text/71/text,Where do you land on that spectrum?,А как вы справляетесь с этим?
Text/72/text,"It really depends, but striking the right balance is the hardest part","Это зависит от ситуации, но найти правильный баланс — самое сложное."
Label/73/display_name,,
Text/74/text,[i]Balance[/i] is everything.,[i]Баланс[/i] — основа всего.
Text/75/text,[color=#2effff][b]Would you say you’re better at leading or supporting?[/b][/color],[color=#2effff][b]Что вам больше подходит: быть лидером или помощником?[/b][/color]
Choice/76/text,[color=#6BBF59]Adaptable role[/color],[color=#6BBF59]Гибкая роль[/color]
Choice/76/disabled_text,,
Text/77/text,"[color=#6BBF59]I can do both, depending on the team’s needs[/color]","[color=#6BBF59]Могу выполнять обе роли, в зависимости от потребностей команды[/color]"
Text/78/text,A flexible candidate. That’s what I like to hear.,"Гибкость — это именно то, что нужно."
Choice/79/text,[color=#8e59f5]No experience[/color],[color=#8e59f5]Нет опыта[/color]
Choice/79/disabled_text,,
Text/7a/text,[color=#8e59f5] I haven’t had much experience with either[/color],[color=#8e59f5]У меня не так много опыта ни в одном из направлений[/color]
Text/7b/text,"It's very strange, your resume stated otherwise...","Очень странно, ведь в вашем резюме указано обратное..."
Choice/7c/text,"[color=#f7d038]Leader, mostly[/color]",[color=#f7d038]Чаще лидер[/color]
Choice/7c/disabled_text,,
Text/7d/text,"[color=#f7d038]Leader, unless the coffee’s bad, then I’m no good at all[/color]","[color=#f7d038]Лидер, если только кофе хороший. Иначе — не рассчитывайте[/color]"
Text/7e/text,"Hah, charming. But leadership takes more than charisma","Ха-ха, забавно. Но для лидерства нужен не только шарм."
Choice/7f/text,[color=gray] . . . [/color],[color=gray] . . . [/color]
Choice/7f/disabled_text,,
Text/80/text,"Quiet, but leadership rarely favors those who hesitate",Молчание... а ведь нерешительность редко помогает в лидерстве.
Text/81/text,Not everyone can do both well,Не все могут успешно совмещать обе роли.
Text/82/text,It’s interesting to see where people naturally thrive,"Интересно, где люди лучше проявляют себя."
Label/83/display_name,,
Text/84/text,"[i]The right words[/i] can open any door, don't think?","[i]Правильные слова[/i] открывают любые двери, не так ли?"
Text/85/text,[color=#2effff][b]What’s more valuable: logic or persuasion?[/b][/color],[color=#2effff][b]Что ценнее: логика или убеждение?[/b][/color]
Choice/86/text,[color=#6BBF59]Logic is key[/color],[color=#6BBF59]Логика важнее[/color]
Choice/86/disabled_text,,
Text/87/text,[color=#6BBF59]Logic. It creates undeniable solutions.[/color],[color=#6BBF59]Логика. Она обеспечивает неопровержимые решения.[/color]
Text/88/text,"A strong foundation, but persuasion builds the bridges","Хорошая основа, но убеждение строит мосты."
Choice/89/text,[color=#8e59f5]Depends on use[/color],[color=#8e59f5]Зависит от ситуации[/color]
Choice/89/disabled_text,,
Text/8a/text,[color=#8e59f5]Both have their place; knowing when to use each is vital[/color],"[color=#8e59f5]Оба важны, главное — знать, когда и что использовать[/color]"
Text/8b/text,"Yes, versatility is the mark of a sharp mind","Да, универсальность — признак острого ума."
Choice/8c/text,[color=#f7d038]Charm works[/color],[color=#f7d038]Шарм спасёт[/color]
Choice/8c/disabled_text,,
Text/8d/text,[color=#f7d038]Neither. Just charm your way in![/color],"[color=#f7d038]Ни то, ни другое. Просто очаруй всех![/color]"
Text/8e/text,Amusing,Забавно
Text/8f/text,But charm alone rarely lasts long,Но одного шарма надолго не хватит.
Choice/90/text,[color=gray] . . . [/color],[color=gray] . . . [/color]
Choice/90/disabled_text,,
Text/91/text,Speechlessness doesn’t win many arguments,Молчание не выигрывает споров.
Text/92/text,Soo... next question,Итак... следующий вопрос.
Label/93/display_name,,
Text/94/text,"Sometimes, [i]instincts[/i] speak louder than plans",Иногда [i]инстинкты[/i] говорят громче планов.
Text/95/text,[color=#2effff][b]Do you trust your gut feelings?[/b][/color],[color=#2effff][b]Доверяете ли вы своим интуитивным чувствам?[/b][/color]
Choice/96/text,[color=#6BBF59]Trust my gut[/color],[color=#6BBF59]Доверяю интуиции[/color]
Choice/96/disabled_text,,
Text/97/text,"[color=#6BBF59]Yes, when time is short, instincts guide me[/color]","[color=#6BBF59]Да, когда времени мало, инстинкты направляют меня[/color]"
Text/98/text,Good. Quick thinking under pressure can be a lifesaver,Хорошо. Быстрое мышление под давлением спасает.
Choice/99/text,[color=#8e59f5]Check first[/color],[color=#8e59f5]Сначала проверяю[/color]
Choice/99/disabled_text,,
Text/9a/text,[color=#8e59f5]Only after verifying the facts[/color],"[color=#8e59f5]Только после того, как проверю факты[/color]"
Text/9b/text,"Cautious. Useful, but overthinking can slow you down.","Осторожно. Полезно, но излишнее раздумье может замедлить вас."
Choice/9c/text,[color=#f7d038]Gut = food[/color],[color=#f7d038]Интуиция = еда[/color]
Choice/9c/disabled_text,,
Text/9d/text,"[color=#f7d038]Only if my gut says ""lunch break""[/color]","[color=#f7d038]Только если интуиция говорит: ""перерыв на обед""[/color]"
Text/9e/text,Clever. But instincts should do more than crave sandwiches.,"Остроумно. Но инстинкты должны быть больше, чем просто голодом."
Choice/9f/text,[color=gray] . . . [/color],[color=gray] . . . [/color]
Choice/9f/disabled_text,,
Text/a0/text,"No gut, no glory. Trusting yourself is half the battle",Нет интуиции — нет славы. Умение доверять себе — половина успеха.
Text/a1/text,"Intuition is tricky — sometimes it’s spot-on, other times it leads us astray","Интуиция коварна: иногда она точна, а иногда ведёт в тупик."
Text/a2/text,"I think gut feelings are useful, but only when balanced with analysis","Думаю, интуиция полезна, но только в сочетании с анализом."
Label/a3/display_name,,
Text/a4/text,[i]Perspective is everything[/i],[i]Перспектива — это всё[/i].
Text/a5/text,[color=#2effff][b]What’s more important: the details or the big picture?[/b][/color],[color=#2effff][b]Что важнее: детали или общая картина?[/b][/color]
Choice/a6/text,[color=#6BBF59]Big picture[/color],[color=#6BBF59]Общая картина[/color]
Choice/a6/disabled_text,,
Text/a7/text,[color=#6BBF59]The big picture. It keeps everything aligned[/color],[color=#6BBF59]Общая картина. Она помогает всему быть в гармонии[/color]
Text/a8/text,"Visionary thinking, but without details, the big picture crumbles","Мыслящий масштабно, но без деталей всё рушится."
Choice/a9/text,[color=#8e59f5]Both matter[/color],[color=#8e59f5]Важны оба аспекта[/color]
Choice/a9/disabled_text,,
Text/aa/text,[color=#8e59f5]You can’t separate them. Both are equally important[/color],[color=#8e59f5]Нельзя их разделить. Оба одинаково важны[/color]
Text/ab/text,Smart. [i]Balance[/i] is the key to solid decision-making.,Умно. [i]Баланс[/i] — основа верного решения.
Choice/ac/text,[color=#f7d038]Delegate details[/color],[color=#f7d038]Делегирую детали[/color]
Choice/ac/disabled_text,,
Text/ad/text,"[color=#f7d038]The details, as long as someone else handles them[/color]","[color=#f7d038]Детали, если кто-то другой займётся ими[/color]"
Text/ae/text,"Delegation has its place, but responsibility starts with you.","Делегирование — это хорошо, но ответственность начинается с вас."
Choice/af/text,[color=gray] . . . [/color],[color=gray] . . . [/color]
Choice/af/disabled_text,,
Text/b0/text,"[i]Perspective[/i] comes with [i]experience[/i]. Silence, though… teaches little",[i]Перспектива[/i] приходит с [i]опытом[/i]. А молчание… ничему не учит.
Text/b1/text,Zooming in and out can be tough,Увеличивать и уменьшать масштаб бывает сложно.
Text/b2/text,Where do you feel more comfortable?,Где вы чувствуете себя комфортнее?
Text/b3/text,"Both are crucial, but knowing when to switch focus is the real challenge","Оба навыка важны, но умение переключаться между ними — настоящий вызов."
Label/b4/display_name,,
Text/b5/text,Flexibility is [i]strength[/i] disguised as [i]softness[/i],"Гибкость — это [i]сила[/i], замаскированная под [i]мягкость[/i]."
Text/b6/text,[color=#2effff][b]How do you handle unexpected changes in plans?[/b][/color],[color=#2effff][b]Как вы справляетесь с неожиданными изменениями в планах?[/b][/color]
Choice/b7/text,[color=#6BBF59]Adapt & solve[/color],[color=#6BBF59]Адаптируюсь и решаю[/color]
Choice/b7/disabled_text,,
Text/b8/text,[color=#6BBF59]I adapt quickly and look for the best solution under the circumstances[/color],[color=#6BBF59]Я быстро адаптируюсь и ищу наилучшее решение в данных обстоятельствах.[/color]
Text/b9/text,Perfect!,Прекрасно!
Text/ba/text,Flexibility is crucial here,Гибкость здесь крайне важна.
Choice/bb/text,[color=#8e59f5]Stick to plan[/color],[color=#8e59f5]Придерживаюсь плана[/color]
Choice/bb/disabled_text,,
Text/bc/text,[color=#8e59f5]I do my best to stick to the original plan[/color],[color=#8e59f5]Я стараюсь придерживаться оригинального плана.[/color]
Text/bd/text,"Determined, but rigidity can [i]break[/i] under pressure","Это решительность, но излишняя жесткость может [i]сломаться[/i] под давлением."
Choice/be/text,[color=#f7d038]Ignore change[/color],[color=#f7d038]Игнорирую изменения[/color]
Choice/be/disabled_text,,
Text/bf/text,[color=#f7d038]I pretend the change didn’t happen[/color],"[color=#f7d038]Я делаю вид, что изменения не произошли.[/color]"
Text/c0/text,Ignorance isn’t adaptability,Игнорирование — это не адаптивность.
Choice/c1/text,[color=gray] . . . [/color],[color=gray] . . . [/color]
Choice/c1/disabled_text,,
Text/c2/text,No response? Silence won’t make the changes [b]go away[/b],Нет ответа? Тишина не заставит изменения [b]исчезнуть[/b].
Text/c3/text,"Plans rarely survive first contact, right? How do you deal with that?","Планы редко переживают первый контакт, не так ли? Как вы с этим справляетесь?"
Text/c4/text,It’s all about staying calm and figuring out what’s next,Все дело в спокойствии и поиске следующего шага.
Label/c5/display_name,,
Text/c6/text,"They say [i]laughter[/i] is the best medicine, even at work","Говорят, [i]смех[/i] — лучшее лекарство, даже на работе."
Text/c7/text,[color=#2effff][b]How do you lighten the mood during stressful situations?[/b][/color],[color=#2effff][b]Как вы поднимаете настроение в стрессовых ситуациях?[/b][/color]
Choice/c8/text,[color=#6BBF59]Focus & positivity[/color],[color=#6BBF59]Сосредоточенность и позитив[/color]
Choice/c8/disabled_text,,
Text/c9/text,[color=#6BBF59]I remind everyone to stay focused and stay positive[/color],[color=#6BBF59]Я напоминаю всем оставаться сосредоточенными и сохранять позитивный настрой.[/color]
Text/ca/text,"Nice, but sometimes a bit of levity works wonders","Неплохо, но немного легкости иногда творит чудеса."
Choice/cb/text,[color=#8e59f5]Wait it out[/color],"[color=#8e59f5]Жду, пока пройдет[/color]"
Choice/cb/disabled_text,,
Text/cc/text,[color=#8e59f5]I just wait for the stress to pass on its own[/color],"[color=#8e59f5]Я просто жду, пока стресс уйдет сам.[/color]"
Text/cd/text,"Patience is a virtue, but it [i]doesn’t reduce stress[/i]","Терпение — это добродетель, но оно [i]не уменьшает стресс[/i]."
Choice/ce/text,[color=#f7d038]Silly joke[/color],[color=#f7d038]Смешная шутка[/color]
Choice/ce/disabled_text,,
Text/cf/text,[color=#f7d038]I make a silly joke or share a funny story to break the tension[/color],"[color=#f7d038]Я рассказываю смешную историю или шучу, чтобы разрядить обстановку.[/color]"
Text/d0/text,Perfect. Humor brings perspective when things feel overwhelming,"Отлично. Юмор помогает обрести перспективу, когда кажется, что все слишком сложно."
Choice/d1/text,[color=gray] . . . [/color],[color=gray] . . . [/color]
Choice/d1/disabled_text,,
Text/d2/text,No response? [b]Stress[/b] can thrive in silence,Нет ответа? [b]Стресс[/b] процветает в тишине.
Text/d3/text,"Staying positive is important, but don’t underestimate the power of a well-timed laugh to break the tension","Позитивный настрой важен, но не недооценивайте силу смеха в нужный момент."
Text/d4/text,"True, though humor can be tricky. Knowing when and how to use it matters.","Верно, хотя юмор может быть непростым. Важно знать, когда и как его применять."
Label/d5/display_name,,
Text/d6/text,Resourcefulness is solving problems with [i]what’s at hand[/i],"Изобретательность — это умение решать проблемы с [i]тем, что под рукой[/i]."
Text/d7/text,[color=#2effff][b]What do you do when faced with a sudden lack of tools or resources?[/b][/color],"[color=#2effff][b]Что вы делаете, столкнувшись с нехваткой инструментов или ресурсов?[/b][/color]"
Choice/d8/text,[color=#6BBF59]Find replacements[/color],[color=#6BBF59]Нахожу замену[/color]
Choice/d8/disabled_text,,
Text/d9/text,[color=#6BBF59] I focus on finding replacements as quickly as possible[/color],"[color=#6BBF59]Я сосредотачиваюсь на том, чтобы как можно быстрее найти замену.[/color]"
Text/da/text,"Resourceful, but that’s not always possible in the moment","Находчиво, но это не всегда возможно."
Choice/db/text,[color=#8e59f5]Task can wait[/color],[color=#8e59f5]Можно подождать[/color]
Choice/db/disabled_text,,
Text/dc/text,[color=#8e59f5]I reevaluate the task to see if it can wait[/color],"[color=#8e59f5]Я оцениваю, можно ли отложить задачу.[/color]"
Text/dd/text,"Practical, but flexibility under pressure is better","Практично, но гибкость под давлением — лучшее решение."
Choice/de/text,[color=#f7d038]Duct tape[/color],[color=#f7d038]Изолента[/color]
Choice/de/disabled_text,,
Text/df/text,[color=#f7d038]I MacGyver my way through it with duct tape and hope[/color],[color=#f7d038]Я решаю проблему с изолентой и надеждой на лучшее.[/color]
Text/e0/text,Creativity in the face of constraints is a true skill!,Креативность в условиях ограничений — это настоящее мастерство!
Choice/e1/text,[color=gray] . . . [/color],[color=gray] . . . [/color]
Choice/e1/disabled_text,,
Text/e2/text,"No tools, no response?",Нет инструментов - нет ответа?
Text/e3/text,"Finding workarounds shows adaptability, but being creative on the fly is a talent we admire","Поиск обходных путей показывает адаптивность, но креативность на ходу — это талант, который мы ценим."
Text/e4/text,"Agreed, but sometimes duct tape really is the ultimate solution","Согласен, но иногда изолента действительно — лучшее решение."
Text/e5/text,You're goddamn right,Ты чертовски прав!
Label/e6/display_name,,
Text/e7/text,Every great idea starts with an [i]unexpected spark[/i],Каждая великая идея начинается с [i]неожиданного озарения[/i].
Text/e8/text,[color=#2effff][b]How do you deal with sudden inspiration at inconvenient times?[/b][/color],[color=#2effff][b]Как вы справляетесь с внезапным вдохновением в неудобное время?[/b][/color]
Choice/e9/text,[color=#6BBF59]Jot it down[/color],[color=#6BBF59]Записываю[/color]
Choice/e9/disabled_text,,
Text/ea/text,[color=#6BBF59]I jot it down and revisit it when I have time[/color],"[color=#6BBF59]Я записываю мысль, чтобы вернуться к ней позже.[/color]"
Text/eb/text,"Practical, but capturing the energy of the moment can be key","Практично, но иногда важно поймать энергию момента."
Choice/ec/text,[color=#8e59f5]Hope it returns[/color],"[color=#8e59f5]Надеюсь, вернется[/color]"
Choice/ec/disabled_text,,
Text/ed/text,[color=#8e59f5]I usually forget about it and hope it comes back later[/color],"[color=#8e59f5]Я обычно забываю и надеюсь, что идея вернется позже.[/color]"
Text/ee/text,"Hmm, letting it slip away could mean lost opportunities","Хм, упустить такой момент — значит потерять возможность."
Choice/ef/text,[color=#f7d038]Napkin note[/color],[color=#f7d038]Заметка на салфетке[/color]
Choice/ef/disabled_text,,
Text/f0/text,[color=#f7d038]I scribble it on anything handy — even a napkin if I must![/color],"[color=#f7d038]Пишу на чем угодно — даже на салфетке, если нужно![/color]"
Text/f1/text,Love it. Brilliant ideas don’t wait for the perfect moment.,Отлично! Гениальные идеи не ждут подходящего времени.
Text/f2/text,One of ex-coworkers did the same,Один из моих бывших коллег делал то же самое.
Text/f3/text,Poor Herald...,Бедный Геральд...
Choice/f4/text,[color=gray] . . . [/color],[color=gray] . . . [/color]
Choice/f4/disabled_text,,
Text/f5/text,"A missed moment, perhaps",Упущенный момент? Возможно.
Text/f6/text,Sometimes those spur-of-the-moment ideas are the best ones — don’t let them get away.,Иногда спонтанные идеи — это самое ценное. Не позволяйте им ускользнуть.
Label/f7/display_name,,
Text/f8/text,"By the way, I read in your [i]CV[/i] about your [i]communication skills[/i]. Is that true?","Кстати, я видел в вашем [i]резюме[/i] упоминание о [i]коммуникативных навыках[/i]. Это правда?"
Text/f9/text,[color=#2effff][b]How do you deal with sudden inspiration at inconvenient times?[/b][/color],[color=#2effff][b]Как вы справляетесь с внезапным вдохновением в неудобное время?[/b][/color]
Choice/fa/text,[color=#6BBF59]Direct and concise[/color],[color=#6BBF59]Краткость и четкость[/color]
Choice/fa/disabled_text,,
Text/fb/text,[color=#6BBF59]I focus on being direct and to the point in every situation[/color],[color=#6BBF59]Я всегда стараюсь быть кратким и по делу.[/color]
Text/fc/text,"Efficient, but it doesn’t always suit every scenario","Эффективно, но не всегда подходит для каждой ситуации."
Choice/fd/text,[color=#8e59f5]Adapt as I go[/color],[color=#8e59f5]Импровизирую[/color]
Choice/fd/disabled_text,,
Text/fe/text,[color=#8e59f5]I adapt to the situation and figure it out as I go[/color],[color=#8e59f5]Я адаптируюсь и разбираюсь по ходу дела.[/color]
Text/ff/text,"Flexible, especially if it helps build rapport with others","Гибко, особенно если это помогает наладить общение."
Choice/100/text,[color=#f7d038]Fluent sarcasm[/color],[color=#f7d038]Сарказм на отлично[/color]
Choice/100/disabled_text,,
Text/101/text,"[color=#f7d038]I speak fluent sarcasm, but I promise to keep it work-appropriate![/color]","[color=#f7d038]Я отлично владею сарказмом, но обещаю использовать его только в подходящей ситуации![/color]"
Text/102/text,"This is not a business approach, you know?","Это, знаете ли, не совсем деловой подход."
Choice/103/text,[color=gray] . . . [/color],[color=gray] . . . [/color]
Choice/103/disabled_text,,
Text/104/text,Absolutely not...,Абсолютно нет...
Text/105/text,And I lied to you,И я вам соврал.
Text/106/text,There's no anything about communication in your CV,В вашем резюме ничего не сказано о коммуникации.
Text/107/text,Wanna comment this?,Есть что сказать?
Choice/108/text,[color=#8e59f5]This was just an answer[/color],[color=#8e59f5]Это просто ответ[/color]
Choice/108/disabled_text,,
Text/109/text,[color=#8e59f5]Doesn't matter. You asked - I responded[/color],[color=#8e59f5]Неважно. Вы спросили — я ответил.[/color]
Text/10a/text,Good... Good...,Хорошо... Хорошо...
Choice/10b/text,[color=#f7d038]Too many ambitions[/color],[color=#f7d038]Слишком много амбиций[/color]
Choice/10b/disabled_text,,
Text/10c/text,"[color=#f7d038]There are so many of my ambitions described there, I can’t even remember them all[/color]","[color=#f7d038]В резюме так много моих амбиций, что я уже не помню их все.[/color]"
Text/10d/text,So... Your memory is not very good?,"Значит, с памятью у вас не очень?"
Choice/10e/text,[color=gray] . . . [/color],[color=gray] . . . [/color]
Choice/10e/disabled_text,,
Text/10f/text,I got you,Попался!
Label/110/display_name,,
Text/111/text,Who in their right mind… ahem!,Кто в здравом уме… эээ!
Text/112/text,Excuse me,Прошу прощения.
Text/113/text,I just noticed this poor little cookie here,Я только что заметил этого бедного печения!
Text/114/text,My cookie!,Мое печенье!
Text/115/text,Bitten!,Откусано!
Text/116/text,Half-devoured!,Почти съедено!
Text/117/text,Someone has some nerve!,Вот это наглость!
Text/118/text,"Tell me, do you like cookies?","Скажите-ка, вы любите печенье?"
Text/119/text,[color=#2effff][b]Did you eat my cookie?[/b][/color],[color=#2effff][b]Вы съели мое печенье?[/b][/color]
Choice/11a/text,[color=#6BBF59]Not me![/color],[color=#6BBF59]Это не я![/color]
Choice/11a/disabled_text,,
Text/11b/text,"[color=#6BBF59]No, I would never touch your food without permission![/color]","[color=#6BBF59]Нет, я бы никогда не тронул вашу еду без разрешения![/color]"
Text/11c/text,Really? You look suspiciously... crumb-free for someone innocent.,Правда? Что-то вы подозрительно... без крошек для невиновного.
Choice/11d/text,[color=#8e59f5]No memory of it[/color],[color=#8e59f5]Не помню такого[/color]
Choice/11d/disabled_text,,
Text/11e/text,[color=#8e59f5]I don’t even remember seeing a cookie on your desk[/color],"[color=#8e59f5]Я даже не помню, чтобы видел печенье на вашем столе.[/color]"
Text/11f/text,[i]Convenient. Conveniently vague. Makes me wonder.[/i],[i]Как удобно. Удобно расплывчато. Заставляет задуматься.[/i]
Choice/120/text,[color=#f7d038]If it were me…[/color],[color=#f7d038]Если бы это был я…[/color]
Choice/120/disabled_text,,
Text/121/text,"[color=#f7d038]I’m not saying it was me, but if I had, I would’ve eaten the whole thing[/color]","[color=#f7d038]Я не говорю, что это был я, но если бы был, то съел бы все целиком.[/color]"
Text/122/text,"Ha! Bold, aren’t you?","Ха! Дерзко, не правда ли?"
Text/123/text,But that doesn’t mean I trust you,"Но это не значит, что я вам верю."
Choice/124/text,[color=gray] . . . [/color],[color=gray] . . . [/color]
Choice/124/disabled_text,,
Text/125/text,"Silent, huh?","Молчите, да?"
Text/126/text,Guilty conscience?,Угрызения совести?
Text/127/text,Or are you just bad under pressure?,Или вы просто плохо держите себя под давлением?
Text/128/text,Now let me think… who could’ve done this?,Дайте подумать... кто мог это сделать?
Text/129/text,"You’re the only one I’ve spoken to today… but then, this door rarely opens.","Вы — единственный человек, с кем я говорил сегодня… но эта дверь редко открывается."
Text/12a/text,Nobody else comes in here except candidates like you,"Сюда больше никто не заходит, кроме таких, как вы — кандидатов."
Text/12b/text,"Maybe someone sneaked in earlier? I mean, could it have been you by accident?","Может, кто-то зашел раньше? Или это вы сделали случайно?"
Text/12c/text,Me? Do I look like someone who forgets his own snacks?,"Я? Похож ли я на того, кто забывает о своих перекусах?"
Text/12d/text,Ridiculous!,Смешно!
Text/12e/text,"No, no, I think I’d remember biting into something this delicious.","Нет-нет, я бы точно запомнил, как откусил что-то такое вкусное."
Text/12f/text,Maybe it’s stress. People sometimes eat without realizing it,"Может, это стресс? Иногда люди едят и не замечают."
Text/130/text,"Stress makes people mutter to themselves, not eat cookies without thinking!","Стресс заставляет людей бормотать себе под нос, а не есть печенье бессознательно!"
Text/131/text,"Well, if this is how the day’s starting… I need to keep an eye on people like you","Ну что ж, если день начинается так… придется присмотреть за такими, как вы."
Label/132/display_name,,
Text/133/text,"By the way, in this morning I found a note, writen by some of ex-workers.
I want to show it for you.","Кстати, сегодня утром я нашел записку от одного из бывших сотрудников."
Text/134/text,"‘To whoever comes next, beware. This place has its own way of testing you. It’s not just the work—it’s the walls, the air, the… noises. No one makes it out without changing. You’ll see what I mean soon enough.’","‘Тому, кто придет сюда следующим, будь осторожен. У этого места есть свои способы испытать тебя. Дело не только в работе — это стены, воздух, звуки. Никто не уходит отсюда, не изменившись. Скоро сам всё поймёшь.’"
Text/135/text,"[color=#2effff][b]That’s cheerful, isn’t it? So, what do you make of that?[/b][/color]","[color=#2effff][b]Мило, правда? И что вы думаете об этом?[/b][/color]"
Choice/136/text,[color=#6BBF59]Weak employee[/color],[color=#6BBF59]Слабый сотрудник[/color]
Choice/136/disabled_text,,
Text/137/text,[color=#6BBF59]Sounds like someone who couldn’t handle the pressure and wanted to scare others[/color],"[color=#6BBF59]Похоже на кого-то, кто не справился с давлением и решил напугать других.[/color]"
Text/138/text,"Hmm, could be. Or maybe they were just being honest. Sometimes pressure reveals things you didn’t know were there…","Хм, возможно. А может, человек просто был честным. Иногда давление открывает то, о чем ты и не подозревал."
Choice/139/text,[color=#8e59f5]Overreaction[/color],[color=#8e59f5]Перегнул палку[/color]
Choice/139/disabled_text,,
Text/13a/text,[color=#8e59f5]Maybe they were just being dramatic. Stress makes people exaggerate[/color],"[color=#8e59f5]Может, они просто драматизировали. Стресс иногда заставляет людей преувеличивать.[/color]"
Text/13b/text,"Dramatic, you think?","Драматизировал, говорите?"
Text/13c/text,"Yeah, some people love to make their suffering everyone’s problem.","Да, некоторые любят превращать свои страдания в проблему для всех вокруг."
Text/13d/text,Or maybe they knew more than they let on…,"А может, они знали больше, чем сказали…"
Choice/13e/text,[color=#f7d038]Horror script[/color],[color=#f7d038]Сценарий ужастика[/color]
Choice/13e/disabled_text,,
Text/13f/text,[color=#f7d038]Sounds like a great plot for a horror movie. You’d better watch out![/color],[color=#f7d038]Звучит как отличный сюжет для фильма ужасов. Осторожнее![/color]
Text/140/text,"A movie, huh?","Фильм, да?"
Text/141/text,"If this were fiction, you might be the main character. Think about that","Если бы это была выдумка, вы могли бы быть главным героем. Подумайте об этом."
Choice/142/text,[color=gray] . . . [/color],[color=gray] . . . [/color]
Choice/142/disabled_text,,
Text/143/text,Speechless?,Без слов?
Text/144/text,"Maybe that note got to you more than you want to admit. Careful, silence speaks volumes","Может, эта записка задела вас сильнее, чем вы готовы признать. Осторожнее, молчание говорит громче слов."
Text/145/text,"Do you think they were serious? I mean, what kind of place is this?","Вы думаете, он был серьёзен? То есть, что это за место такое?"
Text/146/text,"Serious? Probably not. But there’s truth in every exaggeration, isn’t there? You’ve got to wonder what pushed him to write it.","Серьёзен? Вряд ли. Но в каждом преувеличении есть доля правды, не так ли? Нужно задаться вопросом, что побудило его это написать."
Text/147/text,Have others said things like this?,Другие говорили что-то подобное?
Text/148/text,"Hmm, let’s just say the people who’ve been here long enough tend to keep their thoughts to themselves","Хм, скажем так, те, кто здесь достаточно долго, предпочитают держать свои мысли при себе."
Text/149/text,"Anyway, enough of this","Ладно, хватит об этом."
Text/14a/text,Let’s move on before you start writing your own farewell letter,"Давайте перейдём к делу, пока вы не начали писать свою собственную прощальную записку."
Label/14b/display_name,,
Text/14c/text,Wait a second… has that always been there?,Подождите… это всегда было здесь?
Text/14d/text,What do you mean?,Что вы имеете в виду?
Text/14e/text,That shadow. In the painting. Look at it!,Эта тень. На картине. Посмотрите!
Text/14f/text,[color=#2effff][b]Has that shadow always been in the painting?[/b][/color],[color=#2effff][b]Эта тень всегда была на картине?[/b][/color]
Choice/150/text,[color=#6BBF59]Always there[/color],[color=#6BBF59]Всегда была[/color]
Choice/150/disabled_text,,
Text/151/text,"[color=#6BBF59]Yes, I think it’s always been there[/color]","[color=#6BBF59]Да, думаю, она всегда была здесь.[/color]"
Text/152/text,Really? Are you sure? You didn’t sound sure.,Правда? Вы уверены? Вы звучите неуверенно.
Text/153/text,Why would you lie to me about something so odd?,Почему вы бы стали лгать мне о чём-то таком странном?
Choice/154/text,[color=#8e59f5]Didn’t notice[/color],[color=#8e59f5]Не заметил[/color]
Choice/154/disabled_text,,
Text/155/text,"[color=#8e59f5]I didn’t notice it before, but I wasn’t paying attention.[/color]","[color=#8e59f5]Раньше не замечал, но я особо не приглядывался.[/color]"
Text/156/text,Not paying attention?,Не приглядывались?
Text/157/text,"A great trait for a future employee, isn’t it?","Отличное качество для будущего сотрудника, не так ли?"
Choice/158/text,[color=#f7d038]Haunted painting[/color],[color=#f7d038]Заколдованная картина[/color]
Choice/158/disabled_text,,
Text/159/text,[color=#f7d038]Maybe the painting’s haunted? Or just has a sense of humor.[/color],"[color=#f7d038]Может, картина заколдована? Или у неё просто есть чувство юмора.[/color]"
Text/15a/text,"Ha! Bold, aren’t you?","Ха! Дерзко, правда?"
Text/15b/text,"You’ve got jokes. Let’s hope you’re joking, at least","Шутите. Надеюсь, вы всё-таки шутите."
Choice/15c/text,[color=gray] . . . [/color],[color=gray] . . . [/color]
Choice/15c/disabled_text,,
Text/15d/text,Silent?,Молчите?
Text/15e/text,Don’t tell me you’re scared of a little shadow in a painting,Неужели вы боитесь какой-то тени на картине?
Text/15f/text,Isn’t it just a trick of the light? Paintings can look different depending on the angle.,"Это же просто игра света, не так ли? Картины могут выглядеть по-разному под разными углами."
Text/160/text,Maybe. But I’ve had this painting for years. Never saw a shadow there before.,Может быть. Но эта картина у меня уже много лет. Никогда раньше тени там не было.
Text/161/text,Is it a portrait of you?,Это ваш портрет?
Text/162/text,"Yes, me, back when I first started here. That was a long time ago","Да, мой, когда я только начинал здесь. Это было давно."
Text/163/text,"I’ve been feeling… odd lately. Tired, distracted. Maybe this is some… symptom. Or maybe something else.","В последнее время я чувствую себя… странно. Усталость, рассеянность. Может, это какой-то… симптом. Или что-то другое."
Text/164/text,Do you think it means something?,"Вы думаете, это что-то значит?"
Text/165/text,Mean something? Ha! Don’t get ahead of yourself.,Значит что-то? Ха! Не забегайте вперёд.
Text/166/text,"Still, strange things do happen in this building...","Хотя, в этом здании порой случаются странные вещи…"
Label/167/display_name,,
Text/168/text,Do you hear that?,Вы это слышите?
Text/169/text,"No, seriously — do you hear anything?","Нет, серьёзно — вы что-нибудь слышите?"
Text/16a/text,[color=#2effff][b]Do you hear anything unusual?[/b][/color],[color=#2effff][b]Вы слышите что-то необычное?[/b][/color]
Choice/16b/text,[color=#6BBF59]Whispers heard[/color],[color=#6BBF59]Слышу шёпот[/color]
Choice/16b/disabled_text,,
Text/16c/text,"[color=#6BBF59]Yes, I hear whispers. What is that?[/color]","[color=#6BBF59]Да, я слышу шёпот. Что это?[/color]"
Text/16d/text,"Oh, so it’s not just me?","О, значит, это не только мне кажется?"
Text/16e/text,That’s... not reassuring,Это… не особо обнадёживает.
Choice/16f/text,[color=#8e59f5]Uncertain[/color],[color=#8e59f5]Не уверен[/color]
Choice/16f/disabled_text,,
Text/170/text,[color=#8e59f5]Maybe? It’s hard to tell. What do you think it is?[/color],"[color=#8e59f5]Может быть? Трудно сказать. А как вы думаете, что это?[/color]"
Text/171/text,"Hmm, you’re on the fence. Smart.","Хм, вы сомневаетесь. Мудро."
Text/172/text,"Sometimes, it’s best not to commit to what you can’t explain","Иногда лучше не утверждать то, чего не можешь объяснить."
Choice/173/text,[color=#f7d038]Ghost joke[/color],[color=#f7d038]Шутка про привидения[/color]
Choice/173/disabled_text,,
Text/174/text,[color=#f7d038]Must be the ghosts having a staff meeting. Should we join them?[/color],"[color=#f7d038]Наверное, это привидения проводят собрание персонала. Присоединимся?[/color]"
Text/175/text,Ha! Staff meeting?,Ха! Собрание персонала?
Text/176/text,"If they are, I hope they’re more productive than the last one I attendedt","Если и так, надеюсь, оно продуктивнее, чем последнее, на котором я был."
Choice/177/text,[color=gray] . . . [/color],[color=gray] . . . [/color]
Choice/177/disabled_text,,
Text/178/text,"Not a fan of answering mysterious questions, huh?","Не любите отвечать на загадочные вопросы, да?"
Text/179/text,Don’t worry. The vent doesn’t bite.,Не переживайте. Вентиляция не кусается.
Text/17a/text,Probably.,Наверное.
Text/17b/text,Do you hear whispers often?,Вы часто слышите шёпот?
Text/17c/text,"Now and then. This building has its quirks. Though, there’s a story floating around…","Иногда. У этого здания есть свои причуды. Хотя, ходит одна история…"
Text/17d/text,What kind of story?,Какая история?
Text/17e/text,"Oh, just some nonsense. Supposedly, years ago, an employee got locked in the air ducts during renovations.","О, просто ерунда. Говорят, много лет назад один сотрудник застрял в вентиляции во время ремонта."
Text/17f/text,"He didn’t make it out, so now he whispers advice—or warnings. Who knows? Maybe he’s just bored","Он так и не выбрался, и теперь шепчет советы — или предупреждения. Кто знает? Может, ему просто скучно."
Text/180/text,"Anyway, let’s focus. The whispers won’t finish the interview for you","Ладно, сосредоточьтесь. Шёпот за вас собеседование не пройдёт."
Label/181/display_name,,
Text/182/text,"So, very good","Итак, очень хорошо."
Text/183/text,I really like your answers,Мне действительно нравятся ваши ответы.
Text/184/text,"Of course, it could have been better","Конечно, могло быть и лучше."
Text/185/text,But this is quite enough,Но этого вполне достаточно.
Text/186/text,You can go to the mr. Pop,Вы можете идти к мистеру пророку.
Text/187/text,I'll call him for recomendation about you,Я позвоню ему за рекомендацией о вас.
Label/188/display_name,,
